NVDA,10
AAPL,9
GOOGL,10
MSFT,7
AMZN,9
AVGO,10
TSLA,7
META,9
MU,8
BRK.A,7
LLY,9
WMT,8
AMD,5
JPM,6
ORCL,6
XOM,6
A,8
AA,9
AACB,4
AAL,5
AAMI,6
AAOI,4
AAON,6
AAP,7
AAPG,6
AARD,4
AAT,5
AAUC,1
ABAT,6
ABBV,9
ABCB,6
ABCL,9
ABEO,6
ABG,8
ABLV,6
ABM,3
ABNB,6
ABOS,7
ABR,7
ABSI,9
ABT,5
ABTC,2
ABUS,4
ABVC,2
ABX,9
ACA,8
ACAA,3
ACAD,6
ACB,2
ACCO,7
ACDC,4
ACEL,4
ACET,5
ACFN,3
ACGL,7
ACH,3
ACHR,2
ACHV,8
ACHC,7
ACI,7
ACIC,8
ACIU,6
ACIW,7
ACLS,9
ACM,8
ACMR,7
ACN,6
ACNB,8
ACNT,5
ACOG,7
ACR,3
ACRE,5
ACRS,9
ACRV,8
ACT,2
ACTG,6
ACTU,1
ACVA,2
AD,6
ADAG,7
ADAM,7
ADBE,3
ADC,8
ADCT,5
ADEA,7
ADI,6
ADMA,6
ADM,4
ADNT,8
ADP,8
ADPT,4
ADSE,6
ADSK,5
ADT,6
ADTN,8
ADUR,7
ADUS,6
ADV,6
AEBI,5
AEC,3
AEE,8
AEG,3
AEHR,6
AEIS,5
AEM,7
AEO,4
AENT,7
AEP,7
AER,4
AERT,6
AES,8
AESI,4
AEVA,4
AEXA,5
AEYE,6
AFCG,6
AFBI,5
AFG,6
AFJK,6
AFL,8
AFRI,6
AFRM,7
AG,8
AFYA,1
AGCC,3
AGCO,6
AGEN,6
AGI,10
AGIO,6
AGL,7
AGM,7
AGMB,6
AGNC,4
AGNT,3
AGO,4
AGPU,1
AGRO,7
AGX,7
AHCO,7
AGYS,7
AHMA,3
AHR,10
AHRT,8
AI,2
AIFC,1
AIG,4
AII,7
AIIA,2
AIIO,5
AIIR,2
AIN,5
AIOS,1
AIOT,4
AIP,6
AIR,7
AIRG,7
AIRJ,10
AIRO,7
AIRS,6
AISP,6
AIT,9
AIRT,3
AIV,5
AIZ,8
AJG,6
AKA,3
AKAM,10
AKBA,5
AKR,4
ALAB,9
ALB,7
ALC,8
ALCO,6
ALDF,4
ALDX,4
ALEC,7
ALG,6
ALGM,8
ALGN,6
ALGS,8
ALGT,9
ALH,6
ALHC,1
ALIS,3
ALIT,2
ALK,8
ALKS,6
ALKT,5
ALL,4
ALLE,3
ALLO,10
ALLT,5
ALLY,9
ALM,10
ALMS,7
ALMU,8
ALNT,9
ALNY,10
ALOT,4
ALOY,3
ALRM,4
ALRS,7
ALSN,5
ALT,7
ALTG,7
ALTI,2
ALTO,10
ALUB,3
ALV,7
ALVO,5
ALX,5
ALXO,7
AM,2
AMAL,6
AMAT,9
AMBA,7
AMBP,5
AMBQ,5
AMC,9
AMCI,3
AMCR,4
AMCX,4
AME,6
AMG,10
AMGN,10
AMH,9
AMKR,6
AMN,9
AMLX,5
AMP,6
AMPG,7
AMPH,2
AMPL,6
AMPX,9
AMPY,5
AMR,9
AMRC,7
AMRX,9
AMRZ,7
AMSC,5
AMSF,6
AMT,8
AMTB,6
AMTM,6
AMTX,8
AMWL,3
AN,9
ANAB,8
ANDE,7
ANDG,7
ANET,7
ANF,10
ANGI,6
ANGO,7
ANGX,6
ANIP,8
ANIK,8
ANIX,5
ANNA,1
ANNX,6
ANPA,2
ANRO,9
ANSC,6
ANTA,4
ANVS,8
ANTX,6
AOMR,4
AON,3
AORT,1
AOSL,8
AOS,7
AOUT,7
AP,7
APA,6
APAM,4
APC,5
APD,1
APAC,5
APEI,7
APG,4
APGE,7
APH,6
API,9
APLD,9
APLE,8
APLM,6
APO,7
APOG,4
APP,6
APPF,5
APPN,3
APPS,9
APTV,9
APYX,6
AQN,7
AQST,7
AR,8
ARAI,1
ARAY,2
ARBE,5
ARCO,7
ARCT,6
ARDT,3
ARCB,9
ARDX,4
ARE,7
AREC,9
ARES,8
ARHS,7
ARI,6
ARIS,10
ARKO,9
ARL,3
ARLO,6
ARMK,8
AROW,5
AROC,7
ARQ,6
ARQQ,1
ARQT,3
ARR,9
ARRY,8
ARTNA,4
ARTV,10
ARVN,2
ARW,10
ARWR,8
ARX,6
AS,9
ASB,8
ASAN,6
ASC,6
ASH,7
ASIC,6
ASIX,3
ASLE,5
ASMB,3
ASML,10
ASND,10
ASO,8
ASPI,4
ASPN,7
ASPS,5
ASR,6
ASRT,8
ASST,5
ASTC,6
ASRV,4
ASTE,8
ASTH,9
ASTI,5
ASTL,7
ASTS,1
ASUR,9
ASYS,8
ATAI,5
ATEN,7
ATEX,10
ATEC,2
ATGL,2
ATHR,1
ATI,10
ATII,3
ATKR,8
ATLC,7
ATLN,4
ATLO,7
ATLX,4
ATMU,6
ATO,8
ATOM,6
ATOS,4
ATR,3
ATNI,5
ATRA,5
ATRO,9
ATRC,3
ATS,10
ATYR,5
AUB,6
AU,9
AUDC,6
AUBN,5
AUGO,10
AUC,3
AUNA,6
AUR,7
AUPH,8
AURA,8
AURE,4
AVA,3
AVAH,7
AVAV,7
AVBC,5
AVD,2
AVBP,10
AVBH,6
AVIR,9
AVNS,7
AVNT,4
AVNW,4
AVPT,5
AVO,6
AVR,9
AVT,8
AVTR,7
AVTX,10
AVX,2
AVXL,5
AVY,3
AWI,10
AWK,8
AWR,7
AWRE,5
AX,6
AXG,2
AXGN,5
AXIN,5
AXON,4
AXR,6
AXP,7
AXSM,8
AXTA,4
AXTI,8
AYA,6
AYI,9
AXS,4
AZ,3
AZN,10
AZI,1
AZTA,9
AZO,4
AZZ,6
B,7
BA,9
BAC,5
BACC,4
BAER,5
BAH,9
BAK,5
BALL,8
BALY,2
BAM,9
BANC,5
BAND,8
BANF,2
BANR,6
BAP,6
BARK,5
BATRA,5
BB,9
BAYA,6
BBAI,3
BAX,5
BBAR,5
BBBY,4
BBCP,5
BBDC,7
BBIO,8
BBNX,1
BBOT,5
BBT,4
BBUC,5
BBSI,8
BBVA,6
BBW,6
BBWI,8
BBY,7
BC,7
BCAL,4
BCAR,7
BCAX,9
BCBP,7
BCC,5
BCE,10
BCML,7
BCO,6
BCH,6
BCPC,5
BCRX,7
BCS,7
BCSF,6
BCSS,7
BCTX,1
BDC,6
BDCI,2
BDMD,1
BDN,1
BDSX,5
BDTX,8
BE,6
BDX,7
BEAM,7
BEAT,8
BEBE,5
BEEM,6
BEEP,4
BELFA,8
BELFB,5
BEN,7
BENF,5
BEPC,7
BETA,6
BETR,6
BFC,6
BFH,8
BFLY,6
BFS,6
BFST,5
BG,7
BGC,8
BGDE,4
BGIN,5
BGM,1
BGS,6
BGSF,6
BGSI,7
BH,4
BHC,6
BHE,7
BHR,4
BHRB,7
BHST,3
BHVN,3
BIIB,6
BILL,3
BIO,2
BIOA,8
BIPC,9
BIRD,1
BIRK,5
BIXI,4
BJ,3
BJRI,4
BKD,5
BKE,6
BKH,7
BKKT,3
BKNG,7
BKR,6
BKSY,9
BKV,6
BL,1
BLBD,10
BLCO,8
BLD,7
BLDP,5
BLDR,8
BLFS,6
BLK,3
BLKB,1
BLLN,9
BLMN,6
BLND,6
BLNE,6
BLNK,6
BLSH,8
BLUW,4
BLX,7
BLZE,7
BLZR,3
BMA,9
BMBL,1
BMEA,2
BMI,7
BMNR,8
BMM,6
BMO,7
BMRC,6
BMRN,7
BMY,8
BN,10
BNAI,5
BNC,1
BNED,4
BNL,6
BNS,10
BNT,5
BNTC,2
BNY,4
BOC,4
BODI,9
BOF,4
BOH,7
BOKF,2
BOLD,5
BOOT,7
BORR,10
BOOM,5
BOTJ,7
BOW,8
BOX,6
BPAC,4
BPOP,4
BP,6
BPRN,7
BR,7
BRAG,3
BRAI,6
BRBI,4
BRC,5
BRCB,7
BRCC,7
BRBR,6
BRKR,6
BRLS,2
BRLT,4
BRO,8
BROS,7
BRR,2
BRT,4
BRX,10
BRZE,7
BSAA,4
BSAC,6
BSBK,3
BSET,4
BSRR,5
BSX,7
BSVN,5
BSY,9
BTAI,4
BTBT,5
BTCS,3
BTDR,10
BTGO,10
BTI,3
BTE,10
BTMD,4
BTU,1
BUD,7
BULL,4
BUR,1
BURL,10
BUSE,7
BUUU,5
BVN,9
BVS,8
BW,10
BVFL,4
BWA,8
BWEN,8
BWB,5
BWFG,7
BWIN,3
BWMN,5
BWMX,9
BWXT,7
BX,10
BXC,3
BXMT,6
BXP,5
BY,5
BYD,6
BYFC,2
BYND,2
BYRN,6
BYSI,6
BZ,6
BZAI,6
BZFD,4
BZH,3
C,9
CAAP,8
CAAS,6
CABA,8
CABO,2
CAC,7
CACC,4
CACI,9
CADL,8
CAE,8
CAH,3
CAG,1
CAI,7
CAKE,9
CAL,8
CALM,4
CALX,7
CALY,7
CAMP,6
CAMT,10
CANG,5
CAPN,5
CAPR,7
CAR,8
CARE,9
CARG,8
CARL,5
CARR,9
CARS,3
CART,7
CASH,7
CASS,7
CASY,7
CAT,10
CATO,4
CATY,6
CAVA,9
CB,4
CBAN,4
CBAT,2
CBC,9
CBFV,6
CBIO,3
CBK,4
CBL,7
CBNA,4
CBLL,4
CBNK,6
CBRE,4
CBRL,1
CBRS,8
CBSH,6
CBT,7
CBUS,1
CBZ,3
CC,9
CCAP,9
CCBG,5
CCB,1
CCC,4
CCCC,10
CCEC,8
CCEP,8
CCG,2
CCI,9
CCII,4
CCJ,8
CCK,6
CCL,6
CCLD,6
CCNE,7
CCO,6
CCOI,3
CCRN,5
CCSI,7
CCU,1
CCXI,3
CD,2
CDE,4
CDLX,2
CDNA,7
CDNL,9
CDNS,7
CDP,7
CDRE,6
CDRO,7
CDW,10
CDXS,6
CDZI,8
CE,9
CECO,9
CEG,6
CELC,6
CELH,6
CENT,5
CENX,7
CEPF,5
CEPO,4
CEPV,3
CEPT,6
CERS,7
CERT,4
CEVA,9
CF,5
CFBK,6
CFFI,4
CFFN,6
CFG,5
CG,8
CFR,8
CGAU,9
CGC,3
CGCT,5
CGEM,10
CGEN,9
CGNT,4
CGNX,7
CGON,10
CGTX,7
CHCI,4
CHAR,3
CHD,8
CHCO,3
CHDN,9
CHE,5
CHEC,3
CHEF,5
CHGG,6
CHH,6
CHKP,2
CHMG,6
CHMI,6
CHPG,4
CHRD,9
CHPT,4
CHRN,7
CHRS,8
CHRW,8
CHTR,7
CHT,2
CHWY,7
CHYM,4
CI,8
CIA,6
CIEN,7
CIFR,4
CIGI,10
CIM,6
CINF,7
CING,4
CION,3
CINT,8
CIVB,7
CL,6
CLAR,4
CLB,1
CLBK,4
CLBT,7
CLDT,7
CLDX,8
CLF,7
CLFD,6
CLH,6
CLMB,6
CLMT,8
CLNE,6
CLNN,9
CLOV,5
CLPR,4
CLPT,8
CLS,10
CLSK,9
CLST,5
CLVT,2
CLW,5
CLYM,10
CLX,4
CM,10
CMBT,9
CMC,7
CMCSA,8
CMCO,5
CMDB,5
CME,1
CMG,6
CMI,7
CMP,7
CMPR,6
CMPS,10
CMPX,3
CMRC,1
CMRE,8
CMS,6
CMTL,8
CMTG,5
CNA,3
CNC,7
CNCK,1
CNDT,7
CNH,8
CNI,9
CNK,6
CNM,5
CNMD,4
CNNE,4
CNO,4
CNOB,6
CNP,6
CNQ,9
CNR,3
CNS,6
CNTB,10
CNTN,1
CNTX,8
CNTY,6
CNVS,2
CNX,3
CNXC,7
CNXN,4
COAG,8
COCH,4
COCO,10
CODA,7
CODI,8
COF,6
COGT,7
COFS,7
COHR,7
COHU,9
COIN,2
COKE,6
COLA,7
COLB,6
COLD,9
COLL,4
COLM,3
COMP,3
CON,7
COOK,5
COO,7
COP,5
COPL,5
COR,9
CORT,8
CORZ,10
COSO,3
COST,7
COUR,3
COTY,1
COYA,5
CP,7
CPAY,7
CPA,7
CPB,7
CPBI,4
CPF,5
CPIX,3
CPK,2
CPNG,8
CPRI,7
CPRT,3
CPRX,6
CPS,6
CPSH,9
CPSS,3
CPT,8
CR,3
CRAC,5
CRAI,3
CRAN,3
CRAQ,4
CRBG,8
CRBP,8
CRBU,10
CRC,7
CRCL,7
CRCT,4
CRDF,7
CRDL,4
CRDO,10
CRNT,7
CRNX,8
CRON,8
CROX,7
CRS,9
CRSP,8
CRT,7
CRSR,7
CRUS,5
CRVL,1
CRVS,10
CRWD,4
CRWS,3
CRWV,6
CSAN,1
CSBR,2
CSCO,10
CSGP,7
CSHR,4
CSIQ,4
CSL,6
CSPI,5
CSR,9
CSTE,4
CSTL,5
CSTM,7
CSV,6
CSW,4
CSWC,8
CSX,7
CTAA,3
CTEV,10
CTAS,6
CTKB,3
CTNM,5
CTO,9
CTMX,6
CTOR,3
CTOS,8
CTRE,7
CTRI,4
CTRN,9
CTS,9
CTSH,8
CTVA,5
CTW,4
CUB,5
CUBE,7
CUBI,6
CUE,4
CULP,4
CURB,8
CURI,7
CURR,6
CURV,2
CUZ,2
CV,6
CVBF,9
CVCO,2
CVE,6
CVEO,7
CVI,5
CVGI,7
CVLG,4
CVLT,2
CVNA,7
CVRX,1
CVS,8
CVSA,8
CVV,6
CVX,5
CW,6
CWAN,4
CWEN,7
CWCO,9
CWK,2
CWH,1
CWST,7
CWT,3
CX,8
CXDO,9
CXT,6
CXM,3
CXW,8
CYD,9
CYRX,8
CYTK,7
CYPH,3
CZFS,4
CZNC,5
DAAQ,3
CZR,8
DAC,5
D,7
DAIO,4
DAKT,6
DAL,10
DAR,5
DAN,9
DARE,7
DAVE,9
DASH,1
DBD,6
DB,2
DBI,6
DBRG,2
DBX,2
DCBO,5
DCH,7
DCGO,4
DCI,4
DCO,6
DCTH,8
DCX,2
DD,7
DDD,8
DDI,7
DDOG,7
DDS,4
DE,5
DEA,7
DEFT,9
DECK,6
DEI,6
DELL,5
DEO,5
DERM,4
DFDV,1
DFH,2
DFIN,1
DFTX,7
DG,5
DGICA,6
DGII,7
DGNX,3
DGX,7
DGXX,7
DH,2
DHC,7
DHI,7
DHT,9
DHR,7
DHX,6
DIBS,5
DIN,4
DINO,6
DIOD,6
DIS,8
DJCO,3
DJT,4
DK,5
DKNG,4
DKS,9
DLB,3
DLHC,5
DLO,9
DLR,5
DLTH,6
DLTR,7
DLX,5
DMAA,6
DMAC,5
DMII,4
DMRA,9
DNLI,9
DMRC,7
DNMX,2
DNOW,6
DNTH,8
DNUT,6
DNA,3
DOC,8
DOCN,6
DOCS,3
DOCU,2
DOLE,5
DOMH,2
DOMO,5
DOO,7
DORM,8
DOUG,1
DOV,7
DOW,5
DOX,9
DPRO,7
DPZ,3
DRH,6
DRDB,6
DRI,10
DRIO,4
DRTS,10
DRS,6
DRVN,1
DSGN,9
DSGR,4
DSGX,5
DSP,9
DSWL,5
DSX,8
DT,8
DTCX,1
DTE,10
DTI,5
DTIL,9
DTM,8
DTSQ,6
DUK,9
DUO,1
DUOL,1
DUOT,9
DV,4
DVA,3
DVLT,4
DVN,9
DWSN,4
DX,9
DXC,6
DXCM,9
DWTX,4
DXPE,7
DXLG,3
DY,10
DYN,9
DYNC,5
DYOR,2
E,6
EA,5
EAF,4
EBAY,8
EAT,7
EBC,7
EBF,4
EBMT,5
EBS,3
ECBK,5
ECG,8
ECL,9
ECOR,9
ECPG,9
ECVT,5
ECX,3
ED,2
EDIT,8
EDRY,5
EDSA,6
EDU,7
EE,6
EEX,4
EEFT,8
EFC,10
EFOR,6
EFSC,6
EFSI,6
EFX,9
EG,5
EGAN,9
EGBN,5
EGHA,4
EGHT,8
EGO,4
EGP,10
EGY,5
EH,4
EHC,4
EHTH,3
EIG,6
EFXT,10
EIX,3
EL,4
ELAN,7
ELBM,4
ELDN,8
ELF,5
ELE,8
ELS,6
ELTK,4
ELTX,8
ELUT,4
ELV,6
ELVN,4
ELVA,7
ELVR,2
ELWT,6
EMA,6
EMAT,3
EMBC,2
EMBJ,7
EME,8
EMIS,3
EML,7
EMN,8
EMPD,1
EMR,9
ENB,6
ENGN,3
ENHA,8
ENLT,5
ENLV,4
ENPH,8
ENOV,6
ENR,5
ENS,10
ENSG,6
ENTA,6
ENTG,6
ENTX,3
ENVA,7
ENVX,6
EOG,6
EOLS,7
EOSE,6
EPAC,6
EPAM,6
EPC,6
EPD,9
EPR,6
EPRT,6
EPRX,7
EPSN,7
EQ,10
EQBK,7
EQIX,8
EQNR,6
EQR,8
EQH,6
EQPT,8
EQT,6
ERAS,8
ERII,1
ERO,10
ERIE,3
ESAB,4
ES,6
ESCA,5
ESE,9
ESEA,8
ESLA,4
ESI,6
ESLT,7
ESOA,9
ESNT,3
ESPR,1
ESQ,5
ESRT,5
ESS,9
ESTA,5
ESTC,6
ETD,6
ETN,8
ETON,6
ETOR,5
ETSY,6
ETR,9
EU,7
EUDA,3
EURK,5
EVAC,4
EVER,4
EVCM,4
EVEX,3
EVC,6
EVGO,3
EVH,3
EVLV,7
EVMN,6
EVOX,3
EVR,8
EVRG,7
EVTC,7
EVTL,7
EWBC,6
EW,8
EWTX,5
EXC,2
EXE,2
EXFY,3
EXEL,5
EXK,2
EXLS,4
EXPD,7
EXP,3
EXTR,8
EXPO,9
EXR,8
EYE,5
EXPE,6
EYPT,6
EZPW,9
F,5
FA,5
FAF,8
FACT,4
FANG,5
FAST,5
FATE,7
FATN,9
FBIN,5
FBIO,6
FBIZ,6
FBK,5
FBLA,4
FBNC,6
FBP,3
FBRT,7
FBYD,8
FBRX,6
FC,7
FCAP,6
FCEL,4
FCF,4
FCFS,8
FCN,7
FCNCA,7
FCPT,9
FCRS,3
FCX,9
FDBC,5
FDMT,5
FDP,2
FDS,6
FDSB,4
FE,4
FDX,7
FEAM,2
FEIM,9
FELE,3
FER,7
FERA,4
FENC,7
FET,4
FF,6
FFAI,6
FFBC,6
FFIN,8
FFIV,7
FG,6
FGBI,6
FGMC,5
FGNX,3
FHB,6
FHI,7
FHN,4
FHTX,7
FICO,6
FIBK,2
FIEE,4
FIG,1
FIGR,6
FIGS,8
FIGX,4
FINW,6
FIP,5
FIS,6
FISI,6
FISV,6
FITB,10
FIVE,7
FIX,9
FIVN,8
FIZZ,4
FKWL,2
FLD,2
FLG,7
FLGT,4
FLL,3
FLNA,7
FLNC,6
FLEX,5
FLNG,4
FLNT,4
FLO,7
FLOC,8
FLR,8
FLS,6
FLWS,4
FLXS,9
FLY,8
FLYW,9
FMAO,5
FMBH,5
FMC,2
FMNB,8
FMST,3
FMX,8
FN,10
FNB,10
FND,9
FNF,6
FNGR,1
FNLC,6
FNUC,2
FNKO,5
FNV,8
FNWB,5
FNWD,5
FOA,1
FONR,7
FOR,4
FORM,6
FORR,2
FOSL,8
FOUR,5
FOX,7
FOXA,7
FOXF,6
FPH,2
FPI,3
FPS,8
FR,10
FRAF,6
FRBA,4
FRD,6
FRHC,6
FRME,8
FRMI,2
FRMM,2
FRO,7
FROG,10
FRSH,6
FRST,9
FSHP,4
FSK,7
FRPH,4
FSLR,5
FSM,8
FSTR,7
FTAI,9
FTDR,7
FTEK,5
FTI,4
FTK,7
FTLF,5
FTNT,4
FTS,8
FTV,7
FTW,4
FUBO,2
FUFU,4
FUL,8
FULC,4
FULT,5
FUSB,5
FVRR,1
FWDI,2
FWONA,5
FWONK,6
FWRD,3
FWRG,1
G,4
GAIN,10
GALT,6
GAMB,4
GAME,3
GANX,7
GAP,4
GASS,7
GATX,6
GBCI,6
GBFH,2
GBLI,4
GBTG,6
GBX,2
GCBC,7
GCL,2
GCMG,6
GCO,7
GCT,8
GCTS,9
GD,3
GDDY,2
GDEV,3
GDOT,7
GDRX,6
GDYN,4
GE,9
GEF,4
GEG,3
GEHC,6
GEMI,1
GEN,4
GENI,6
GENK,2
GEO,2
GEOS,5
GERN,4
GETY,2
GEV,8
GEVO,4
GFF,9
GFL,6
GFR,5
GFS,8
GGB,4
GGG,3
GGR,2
GH,8
GHC,3
GHM,8
GHRS,10
GIB,7
GIBO,3
GIC,4
GIII,6
GIL,7
GILD,7
GILT,9
GIS,1
GIW,3
GKOS,7
GL,7
GLBE,5
GLBS,7
GLIBA,2
GLIBK,3
GLND,6
GLNG,5
GLOB,7
GLOO,7
GLPI,7
GLRE,3
GLSI,7
GLUE,2
GLW,10
GLXY,8
GM,5
GME,7
GMED,9
GNE,4
GNK,6
GNL,8
GNLX,4
GNRC,8
GNSS,5
GNTX,1
GNW,7
GO,1
GOAI,4
GOGO,3
GOLD,3
GOLF,1
GOOD,7
GOOG,10
GOOS,4
GOSS,3
GPAT,6
GPC,6
GPGI,6
GPI,6
GPK,2
GPMT,5
GPN,2
GPOR,3
GPRE,8
GPRK,5
GPRO,2
GRAB,1
GRAL,7
GRBK,3
GRC,8
GRCE,5
GRDN,7
GRDX,5
GRML,2
GRMN,8
GRND,10
GRNT,8
GROV,3
GROW,5
GRPN,10
GRRR,8
GRWG,7
GS,6
GSAT,7
GSBC,4
GSBD,6
GSHD,2
GSHR,3
GSIT,2
GSIW,1
GSL,8
GSM,6
GSRF,3
GT,1
GTEN,4
GTERA,4
GTES,6
GTLB,1
GTLS,2
GTM,2
GTN,5
GTX,6
GTY,9
GUTS,1
GVA,5
GWRE,8
GWRS,6
GWW,8
GXO,7
GYRE,2
H,7
HAE,8
HAFC,5
HAFN,9
HAIN,3
HAL,5
HALO,4
HAS,10
HASI,10
HAVA,2
HAYW,6
HBAN,9
HBB,8
HBCP,3
HBM,9
HBNB,1
HBNC,6
HBT,4
HCA,4
HCAT,2
HCC,5
HCHL,4
HCI,3
HCKT,5
HCMA,4
HCSG,8
HD,9
HDB,2
HDSN,9
HE,6
HEI,10
HELE,8
HESM,8
HFBL,5
HFFG,5
HFWA,4
HG,8
HGBL,5
HGTY,4
HGV,4
HHH,4
HIFS,4
HIG,7
HII,3
HIMS,2
HIPO,3
HIT,3
HITI,9
HIVE,10
HIW,6
HKIT,5
HL,6
HLF,5
HLI,4
HLIO,9
HLIT,8
HLLY,7
HLMN,1
HLNE,8
HLP,2
HLT,6
HLX,5
HMC,5
HMN,7
HMR,7
HMY,4
HNGE,6
HNI,3
HNNA,4
HNRG,10
HNST,5
HNVR,3
HOFT,6
HOG,9
HOLO,2
HOMB,2
HON,9
HOOD,10
HOPE,4
HOUR,5
HOV,4
HOVR,5
HP,7
HPAI,2
HPE,10
HPK,4
HPP,5
HPQ,4
HQ,6
HQI,7
HQY,8
HR,6
HRB,2
HRI,6
HRL,7
HRMY,8
HROW,6
HRTG,6
HRTX,1
HRZN,5
HSBC,3
HSDT,3
HSIC,2
HSPT,4
HST,10
HSTM,5
HSY,7
HTB,4
HTFL,7
HTGC,9
HTH,2
HTLD,3
HTO,10
HTZ,4
HUBB,10
HUBG,1
HUBS,10
HUHU,6
HUM,8
HUMA,9
HUN,7
HURA,3
HURC,5
HURN,2
HUT,10
HVII,6
HVMC,2
HVT,5
HWBK,5
HWC,10
HWKN,7
HWM,8
HXL,6
HY,5
HYFT,10
HYMC,4
HYNE,4
HYPD,3
HYPR,5
HZO,6
IAC,10
IAG,8
IART,4
IBCP,4
IBEX,2
IBIO,8
IBKR,10
IBM,8
IBN,2
IBOC,5
IBP,3
IBTA,6
ICCC,5
ICE,6
ICFI,6
ICHR,9
ICL,3
ICLR,9
ICUI,4
IDA,5
IDCC,6
IDN,6
IDT,2
IDXX,6
IDYA,8
IESC,2
IEX,4
IFF,10
IFRX,8
IFS,8
IGAC,4
IGIC,7
IHRT,4
IHS,2
III,5
IIIN,4
IIIV,6
IIPR,7
IKT,4
ILLR,3
ILMN,5
ILPT,9
IMA,2
IMAX,8
IMDX,10
IMKTA,5
IMMR,4
IMMX,6
IMNM,10
IMPP,7
IMRX,7
IMSR,3
IMTX,9
IMUX,8
IMVT,9
IMXI,4
INAC,6
INBK,4
INBX,8
INCY,6
INDB,5
INDI,7
INDP,1
INDV,7
INFQ,8
ING,7
INGM,7
INGN,3
INGR,5
INKT,6
INLF,1
INMB,5
INMD,7
INN,5
INNV,6
INO,5
INOD,7
INR,6
INSE,9
INSG,9
INSM,6
INSP,3
INSW,5
INTA,6
INTC,7
INTG,5
INTR,7
INTU,10
INV,6
INVA,7
INVE,7
INVH,8
INVX,6
INVZ,4
IONQ,7
IONS,10
IOSP,1
IOT,6
IOVA,10
IP,7
IPAR,6
IPCX,5
IPEX,4
IPGP,9
IPI,5
IPSC,10
IPWR,6
IQV,6
IR,8
IRAB,3
IRD,8
IRDM,7
IREN,10
IRM,10
IRMD,5
IRON,9
IRT,4
IRTC,1
IRWD,8
ISBA,5
ISPR,6
ISRG,6
ISSC,9
ISTR,6
IT,8
ITGR,3
ITIC,4
ITRI,6
ITRN,10
ITT,2
ITW,1
IVA,10
IVR,8
IVT,8
IVVD,4
IVZ,6
IXHL,1
IZEA,3
J,7
JACK,1
JACS,4
JAKK,8
JANX,5
JAZZ,5
JBGS,2
JBHT,7
JBI,4
JBIO,8
JBL,7
JBLU,2
JBS,10
JBSS,5
JBTM,4
JCAP,6
JCI,9
JDZG,1
JEF,5
JELD,1
JENA,4
JFB,5
JHG,6
JHX,8
JILL,6
JJSF,5
JKHY,4
JLHL,5
JLL,10
JMSB,6
JNJ,9
JOBY,8
JOE,2
JOUT,5
JRSH,5
JRVR,3
JXG,1
JXN,7
JYNT,6
KAI,5
KALA,1
KALU,6
KALV,4
KARO,7
KB,7
KBDC,9
KBH,6
KBR,10
KBSX,3
KCHV,4
KD,2
KDK,9
KDP,9
KE,3
KEEL,10
KELYA,7
KEN,6
KEP,2
KEQU,4
KEX,9
KEY,5
KEYS,7
KFII,2
KFRC,8
KFY,9
KG,3
KGC,7
KGEI,3
KGS,9
KHC,3
KIDS,1
KIM,7
KINS,8
KKR,10
KLAC,7
KLAR,6
KLC,7
KLIC,7
KLRS,7
KLTR,3
KLXE,6
KMB,7
KMDA,5
KMI,6
KMPR,3
KMRK,5
KMT,1
KMTS,2
KMX,5
KN,6
KNDI,2
KNF,5
KNSA,8
KNSL,6
KNTK,8
KNX,9
KO,7
KOD,6
KODK,4
KOP,7
KOPN,10
KORE,7
KOS,6
KOSS,2
KOYN,4
KPTI,10
KR,6
KRC,6
KREF,5
KRG,7
KRMD,7
KRMN,4
KRNT,7
KRNY,6
KRO,7
KROS,5
KRRO,10
KRSP,3
KRT,6
KRUS,4
KRYS,10
KSCP,2
KSPI,5
KSS,6
KT,6
KTB,8
KTCC,4
KTOS,4
KURA,9
KVAC,6
KVHI,6
KVUE,7
KVYO,6
KW,5
KWR,8
KWY,3
KYIV,10
KYMR,4
KYTX,8
L,7
LAB,4
LAC,6
LAD,2
LADR,5
LAES,6
LAFA,3
LAKE,6
LAMR,7
LAND,7
LANV,4
LAR,9
LARK,6
LASE,3
LASR,10
LATA,2
LAUR,5
LAW,2
LAZ,6
LB,5
LBRDA,5
LBRDK,5
LBRT,5
LBRX,7
LBTYA,2
LBTYB,5
LBTYK,1
LC,7
LCCC,4
LCID,1
LCII,8
LCNB,7
LCUT,8
LDI,2
LDOS,3
LE,2
LEA,7
LECO,9
LEE,8
LEG,5
LEGH,7
LEN,6
LENZ,7
LESL,4
LEU,2
LEVI,4
LFCR,3
LFMD,4
LFST,8
LFT,5
LFUS,8
LFVN,6
LGIH,1
LGN,5
LGND,8
LGO,1
LH,7
LHX,3
LIDR,5
LIEN,6
LIF,5
LII,8
LILA,2
LILAK,1
LIN,8
LINC,10
LIND,6
LINE,6
LINK,2
LION,8
LITE,8
LITS,1
LIVE,4
LIVN,3
LIXT,2
LKFN,6
LKQ,9
LKSP,4
LLYVA,4
LLYVK,3
LMAT,6
LMB,7
LMND,6
LMNR,5
LMRI,6
LMT,8
LNC,7
LND,4
LNG,5
LNN,2
LNSR,2
LNT,8
LNTH,9
LNZA,2
LOAN,3
LOAR,6
LOB,5
LOCL,2
LOCO,8
LOGI,9
LOKV,5
LOMA,6
LONA,6
LOOP,7
LOPE,3
LOVE,7
LOW,4
LPAA,5
LPBB,5
LPG,8
LPL,5
LPLA,3
LPRO,6
LPTH,7
LPX,2
LQDA,9
LQDT,5
LRCX,8
LRMR,10
LRN,6
LSAK,5
LSBK,6
LSCC,5
LSPD,1
LSTR,5
LTBR,4
LTC,7
LTH,7
LTRN,8
LTRX,8
LUCD,5
LUCK,4
LULU,6
LUMN,7
LUNG,1
LUNR,9
LUV,7
LVO,8
LVS,1
LVWR,1
LW,6
LWAC,5
LWAY,4
LWLG,1
LXEO,3
LXFR,7
LXP,5
LXRX,7
LXU,2
LYB,8
LYEL,6
LYFT,3
LYTS,7
LYV,4
LZ,4
LZB,6
LZM,7
M,6
MA,7
MAA,8
MAAS,1
MAC,8
MACI,6
MAGN,4
MAIN,6
MAKO,6
MAMA,8
MAN,5
MANE,7
MANH,6
MAR,6
MARA,6
MAS,6
MASI,8
MASS,9
MAT,6
MATH,1
MATV,7
MATW,5
MATX,5
MAX,2
MAYS,4
MAZE,6
MB,3
MBAV,3
MBBC,5
MBC,7
MBI,6
MBIN,4
MBLY,7
MBOT,2
MBUU,1
MBVI,3
MBWM,5
MBX,5
MC,7
MCB,7
MCBS,6
MCD,5
MCFT,6
MCGA,1
MCHB,7
MCHP,9
MCK,7
MCO,7
MCRB,4
MCRI,6
MCS,6
MCY,9
MD,8
MDA,4
MDAI,9
MDB,9
MDGL,4
MDLN,7
MDLZ,9
MDT,4
MDU,2
MDV,7
MDWD,4
MDXG,3
MDXH,5
MEC,6
MED,8
MEDP,7
MEI,5
MELI,10
MENS,2
MEOH,10
MERC,2
MET,7
METC,4
MFA,6
MFC,6
MFG,8
MFI,2
MFIN,2
MG,10
MGA,7
MGEE,4
MGM,8
MGNI,7
MGNX,7
MGPI,1
MGRC,2
MGRT,3
MGTX,10
MGX,6
MGY,5
MGYR,4
MH,4
MHK,6
MHO,3
MIAX,6
MICC,7
MIDD,5
MIND,2
MIR,4
MIRA,2
MIRM,10
MIST,2
MITK,9
MITT,5
MKC,10
MKDW,2
MKL,4
MKLY,4
MKSI,10
MKTW,5
MKTX,1
MLAB,8
MLAC,4
MLGO,1
MLI,4
MLKN,7
MLM,3
MLP,2
MLR,4
MLTX,3
MLYS,5
MMI,5
MMM,8
MMS,5
MMSI,3
MMTX,3
MMYT,3
MNDY,4
MNKD,10
MNOV,7
MNPR,9
MNRO,4
MNSB,5
MNST,9
MNTK,4
MNTN,4
MNTS,1
MNY,5
MO,3
MOB,4
MOBX,1
MOD,10
MOH,5
MORN,8
MOS,2
MOV,9
MOVE,4
MP,9
MPAA,5
MPB,7
MPC,7
MPLT,2
MPT,8
MPWR,8
MQ,1
MRAM,5
MRBK,7
MRCY,9
MRDN,5
MRK,10
MRLN,5
MRNA,5
MRNO,2
MRP,7
MRSH,1
MRTN,7
MRVI,10
MRVL,8
MRX,10
MS,9
MSA,5
MSB,7
MSBI,8
MSCI,10
MSEX,2
MSGE,7
MSGS,10
MSI,9
MSLE,5
MSM,8
MSTR,1
MT,4
MTB,6
MTC,7
MTCH,1
MTD,1
MTDR,10
MTG,2
MTH,7
MTN,10
MTRN,6
MTRX,4
MTSI,3
MTUS,6
MTW,3
MTX,5
MTZ,10
MUFG,8
MUR,5
MUSA,5
MUX,8
MVBF,7
MVIS,1
MVST,3
MWA,9
MX,10
MXCT,2
MXL,8
MYE,6
MYFW,5
MYGN,7
MYPS,2
MYRG,10
MZTI,1
NA,1
NABL,5
NAGE,6
NAKA,4
NAMM,5
NAMS,9
NAT,9
NATH,6
NATL,4
NATR,6
NAUT,9
NAVI,1
NAVN,6
NB,6
NBBK,5
NBHC,3
NBIS,9
NBIX,8
NBN,7
NBR,7
NBTB,7
NBTX,9
NC,5
NCDL,7
NCEW,5
NCLH,10
NCMI,6
NCNO,5
NCSM,4
NCTY,2
NDAQ,5
NDLS,7
NDSN,8
NE,4
NEE,10
NEGG,3
NEM,6
NEO,4
NEOG,4
NEOV,4
NEPH,4
NERV,6
NET,7
NEU,5
NEWT,6
NEXA,9
NEXM,3
NEXN,8
NEXT,5
NFBK,7
NFE,2
NFG,10
NGEN,4
NGNE,6
NGS,8
NGVC,5
NGVT,3
NHI,7
NHIC,6
NHP,5
NI,7
NIC,4
NIQ,7
NJR,6
NKE,2
NKLR,5
NKSH,7
NKTR,8
NKTX,8
NL,4
NLOP,6
NLY,9
NMAX,4
NMFC,3
NMG,7
NMIH,6
NMP,4
NMRA,7
NMRK,8
NMTC,4
NN,8
NNBR,4
NNE,4
NNI,2
NNN,3
NNNN,2
NNOX,5
NOA,7
NOC,7
NODK,4
NOEM,4
NOG,4
NOMA,4
NOMD,8
NOV,3
NOVT,7
NOW,5
NP,2
NPAC,5
NPB,7
NPCE,8
NPK,2
NPKI,8
NPO,7
NPWR,4
NRC,5
NRDS,5
NRDY,1
NREF,5
NRG,6
NRGV,9
NRIM,6
NRIX,7
NRP,4
NRT,7
NRXP,10
NSA,6
NSC,3
NSIT,2
NSP,4
NSPR,6
NSSC,6
NSTS,4
NSYS,6
NTAP,9
NTB,9
NTCT,7
NTGR,5
NTHI,7
NTIC,5
NTLA,8
NTNX,9
NTR,7
NTRA,7
NTRB,2
NTRP,2
NTRS,6
NTSK,7
NTST,7
NTWK,7
NU,10
NUAI,6
NUCL,4
NUE,6
NUS,2
NUTX,9
NUVB,9
NUVL,9
NVAX,9
NVCR,4
NVCT,5
NVEC,7
NVGS,5
NVMI,10
NVO,8
NVR,6
NVS,10
NVST,7
NVT,9
NVTS,1
NVX,1
NWBI,10
NWE,7
NWFL,6
NWL,1
NWN,4
NWPX,5
NWS,5
NWSA,7
NX,3
NXDR,5
NXDT,7
NXE,9
NXPI,9
NXRT,4
NXST,4
NXT,9
NXTT,2
NXXT,8
NYT,6
NYXH,2
O,4
OABI,7
OACC,3
OBA,5
OBDC,9
OBIO,6
OBK,6
OBT,6
OC,2
OCC,9
OCFC,7
OCGN,6
OCS,6
OCUL,2
ODC,5
ODD,1
ODFL,7
ODV,4
ODYS,6
OEC,3
OESX,6
OFG,7
OFIX,6
OFLX,4
OGC,10
OGE,6
OGI,6
OGN,8
OGS,5
OHI,7
OI,7
OII,8
OIO,1
OIS,5
OKE,8
OKLO,8
OKTA,8
OKUR,8
OKYO,3
OLED,9
OLLI,9
OLMA,10
OLN,8
OLP,3
OLPX,3
OM,2
OMC,2
OMCL,7
OMDA,2
OMER,6
OMEX,7
OMF,4
OMSE,3
ON,8
ONB,6
ONCH,3
ONCY,9
ONDS,9
ONEW,5
ONIT,6
ONL,6
ONMD,7
ONON,10
ONT,3
ONTO,10
OOMA,7
OPAD,5
OPAL,2
OPBK,4
OPCH,5
OPEN,6
OPFI,6
OPK,6
OPLN,9
OPRT,1
OPRX,7
OPTH,7
OPTU,4
OPTX,7
OPXS,3
OPY,7
OR,5
ORA,7
ORBS,1
ORC,7
ORGO,3
ORI,5
ORIC,6
ORIQ,6
ORKA,7
ORLY,2
ORMP,4
ORN,10
ORRF,7
OSBC,6
OSCR,5
OSG,6
OSIS,3
OSK,4
OSPN,6
OSS,8
OSUR,6
OSW,8
OTEX,7
OTF,9
OTGA,4
OTIS,6
OTLK,7
OTTR,4
OUST,8
OUT,6
OVBC,6
OVID,6
OVLY,6
OVV,6
OWL,4
OWLS,5
OWLT,5
OXM,2
OXY,4
OYSE,4
OZK,7
P,7
PAAC,3
PAAS,7
PAC,9
PACB,1
PACH,4
PACK,8
PACS,8
PAG,9
PAGP,5
PAGS,2
PAHC,5
PAII,3
PAL,5
PALI,6
PAM,4
PAMT,4
PANL,5
PANW,10
PAR,2
PARK,5
PARR,7
PATH,7
PATK,10
PAVM,1
PAX,7
PAY,5
PAYC,3
PAYO,3
PAYP,7
PAYS,8
PAYX,7
PB,3
PBA,7
PBFS,5
PBH,5
PBF,6
PBHC,4
PBI,9
PBR,10
PBT,6
PCAP,2
PBYI,6
PCAR,7
PCB,6
PCG,4
PCOR,2
PCRX,5
PCT,7
PCVX,10
PCTY,7
PCYO,5
PD,4
PDEX,8
PDFS,10
PDLB,9
PDM,5
PDSB,6
PDS,9
PDYN,4
PEB,10
PEBK,6
PEBO,7
PECO,6
PEG,5
PEGA,2
PEN,7
PENN,7
PENG,6
PEP,9
PEPG,6
PERI,8
PERF,4
PESI,4
PETS,4
PEW,6
PFE,10
PFG,4
PFGC,9
PFIS,4
PFLT,9
PFSI,6
PFS,8
PG,8
PGAC,4
PGC,9
PGNY,7
PGR,9
PGEN,4
PGY,7
PH,9
PHAR,6
PHAT,9
PHG,8
PHI,5
PHIN,6
PHM,5
PHOE,5
PHR,2
PHUN,4
PHVS,5
PI,2
PICS,8
PII,6
PIII,7
PINE,7
PINS,4
PIPR,3
PJT,4
PK,6
PKBK,6
PKE,7
PKG,4
PKOH,6
PL,7
PLAB,3
PLAY,1
PLBC,7
PLBL,2
PLBY,1
PLCE,6
PLD,7
PLGO,8
PLMK,5
PLMR,3
PLNT,2
PLOW,7
PLPC,6
PLRX,3
PLSE,8
PLTK,5
PLTR,8
PLUG,8
PLUS,7
PLXS,10
PM,7
PMT,4
PMTR,3
PMTS,5
PMVP,7
PN,1
PNBK,3
PNC,5
PNFP,9
PNNT,5
PNR,8
PNRG,2
POCI,5
PNTG,7
PODC,8
PODD,7
PNW,6
POET,3
POLE,5
POR,8
POST,7
POOL,3
POWI,8
POWL,7
POWW,4
PPC,5
PPG,9
PPHC,4
PPIH,6
PPL,5
PPSI,9
PPTA,6
PR,4
PRAA,6
PRAX,8
PRA,4
PRCH,8
PRCT,5
PRDO,8
PRE,7
PRG,9
PRGO,5
PRGS,5
PRHI,4
PRIM,7
PRLD,8
PRLB,7
PRI,8
PRM,4
PRMB,6
PRME,8
PROF,8
PROK,7
PROP,3
PROV,4
PRPL,6
PRPO,4
PRQR,7
PRSU,8
PRTA,9
PRTH,5
PRTS,2
PRU,2
PRVA,6
PSA,4
PSBD,2
PSFE,2
PSIG,6
PSIX,4
PSKY,6
PSMT,5
PSN,10
PSNL,5
PSNYW,1
PSNY,5
PSO,4
PSQH,1
PSTL,8
PSTV,2
PSUS,7
PSX,9
PTC,2
PTEN,7
PTCT,9
PTGX,4
PTLE,1
PTLO,7
PTON,3
PTRN,5
PUBM,7
PUK,3
PURR,7
PUMP,9
PUSA,6
PVH,8
PVLA,8
PWR,10
PWP,1
PXED,7
PXLW,2
PXS,7
PYPD,5
PYPL,7
PYXS,8
PZZA,7
Q,4
QBTS,7
QCLS,2
QCOM,5
QCRH,4
QDEL,5
QETA,4
QGEN,9
QLYS,8
QMCO,9
QMMM,6
QNST,6
QNTM,1
QRVO,5
QS,5
QSEA,4
QSI,2
QSR,8
QTEX,7
QTI,3
QTRX,5
QTTB,10
QTWO,1
QUAD,9
QUBT,5
QUCY,7
QUIK,7
QURE,4
QUMS,3
QXL,4
QXO,4
R,7
RAAQ,5
RAC,6
RACE,5
RAIL,4
RAL,6
RAMP,5
RANG,5
RANI,3
RAPP,6
RARE,3
RAVE,4
RBA,9
RBB,5
RBC,7
RBCAA,7
RBKB,4
RBLX,5
RBBN,6
RBRK,9
RC,4
RCAT,10
RCEL,8
RCI,9
RCKT,6
RCKY,6
RCL,8
RCMT,7
RCON,1
RCT,2
RCUS,6
RDAC,5
RDAG,4
RDCM,5
RDDT,7
RDI,4
RDN,9
RDNT,3
RDNW,6
RDVT,2
RDW,8
RDWR,5
RDY,3
RDZN,7
REAL,5
REAX,6
REFI,5
REG,8
REGN,6
REKR,1
RELL,6
RELY,6
RENT,3
REPL,6
RES,2
REX,7
REXR,7
REYN,5
REZI,2
RF,5
RFIL,7
RFL,4
RFAI,5
RGC,4
RGCO,6
RGA,1
RGEN,8
RGLD,2
RGNX,5
RGP,7
RGR,10
RGS,6
RGTI,6
RH,2
RHI,4
RHLD,3
RHP,6
RIBB,5
RICK,3
RIGL,4
RIG,9
RILY,3
RIO,8
RIOT,8
RITM,9
RITR,1
RIVN,7
RJET,3
RKLB,6
RKT,1
RJF,8
RL,7
RLAY,10
RLI,9
RLJ,7
RLMD,7
RLYB,6
RM,2
RMAX,3
RMBI,6
RMBS,6
RMCO,4
RMD,6
RMNI,4
RMR,9
RNAC,9
RNA,6
RNG,9
RNGR,6
RNGT,4
RNR,2
RNST,3
RNTX,6
RNW,3
RNXT,6
ROAD,8
ROCK,9
ROG,4
ROIV,9
ROK,6
ROKU,7
ROL,9
ROMA,5
ROOT,5
ROP,7
ROST,6
RPAY,3
RPC,5
RPD,1
RPID,3
RPM,10
RPRX,10
RPT,6
RR,2
RRBI,6
RRC,1
RRGB,7
RRR,4
RRX,5
RS,5
RSG,5
RSI,7
RSKD,8
RSSS,5
RSVR,6
RTAC,3
RUM,4
RTX,8
RUN,2
RUSHA,4
RUSHB,3
RVLV,3
RVMD,9
RVSB,6
RVTY,7
RWAY,8
RWT,6
RXO,9
RXRX,5
RXST,1
RXT,7
RYAM,9
RY,10
RYAN,9
RYM,1
RYN,6
RYOJ,4
RYTM,2
RYZ,2
RZLT,6
RZLV,6
S,6
SA,7
SABR,4
SAFE,5
SAFX,1
SABS,9
SAFT,3
SAH,7
SAIA,8
SAIC,9
SAM,2
SAMG,3
SAN,3
SAIL,5
SANA,6
SANG,4
SANM,6
SAP,6
SAR,6
SARO,9
SATL,8
SATS,2
SB,5
SBAC,7
SBCF,4
SBC,3
SBET,4
SBFG,4
SBFM,1
SBGI,3
SBH,4
SBLK,9
SBRA,9
SBR,7
SBS,4
SBSI,6
SBSW,10
SBUX,7
SBXD,5
SCCO,5
SCHL,6
SCHW,7
SCI,8
SCL,4
SCLX,5
SCM,4
SCOR,6
SCSC,5
SCVL,3
SCYX,3
SCWO,3
SCZM,7
SD,7
SDA,4
SDGR,5
SDHC,4
SDHI,3
SDRL,4
SEAT,2
SEDG,7
SEER,5
SEG,6
SEI,7
SEIC,6
SELF,6
SEM,4
SENEA,4
SENEB,5
SENS,7
SEPN,7
SERA,2
SERV,2
SEV,5
SES,5
SEVN,6
SEZL,8
SF,6
SFBC,2
SFBS,4
SFD,7
SFL,7
SFM,6
SFIX,8
SFNC,6
SFST,7
SG,5
SGC,7
SGA,4
SGHC,10
SGHT,2
SGI,8
SGML,10
SGMT,10
SGRY,1
SGU,7
SHAK,6
SHAZ,7
SHBI,6
SHC,3
SHEN,6
SHIM,8
SHIP,10
SHLS,9
SHMD,8
SHO,4
SHOO,7
SHOP,6
SHW,8
SIBN,3
SID,1
SIDU,7
SIEB,1
SI,7
SIFY,7
SIG,7
SIGA,4
SII,5
SIGI,3
SILA,6
SILC,9
SIMA,4
SION,6
SIRI,5
SITC,4
SITE,6
SITM,6
SJ,5
SJM,7
SJT,2
SKBL,3
SKE,5
SKIL,1
SKIN,3
SKLZ,5
SKM,8
SKT,5
SKWD,8
SKY,7
SKYT,8
SKYW,6
SKYX,4
SKYH,4
SLAB,4
SLB,7
SLDE,9
SLDB,9
SLDP,5
SLF,9
SLG,1
SLGL,7
SLGN,6
SLM,6
SLN,8
SLNG,3
SLNH,4
SLP,6
SLQT,6
SLS,5
SLVM,3
SLMT,1
SM,9
SLSN,2
SMA,5
SMBK,7
SMC,5
SMCI,8
SMBC,5
SMG,9
SMHI,8
SMID,3
SMMT,4
SMP,8
SMR,1
SMPL,7
SMRT,7
SMTC,7
SMTI,6
SMWB,7
SMXT,1
SN,9
SNA,9
SNAL,7
SNAP,2
SND,3
SNDK,10
SNDL,6
SNDA,5
SNDR,6
SNDX,10
SNEX,8
SNFCA,3
SNN,6
SNOW,6
SNPS,8
SNT,2
SNTI,2
SNWV,1
SOBO,8
SO,7
SNX,9
SOCA,3
SOC,2
SOFI,7
SOLV,7
SON,10
SOLS,9
SONO,7
SOPH,8
SORA,4
SOTK,8
SOUL,5
SOUN,2
SOWG,1
SPAI,7
SPB,10
SPCB,8
SPCE,10
SPEG,3
SPFI,8
SPG,8
SPGI,10
SPH,5
SPHL,2
SPHR,5
SPIR,10
SPKL,5
SPNT,8
SPOK,4
SPOT,4
SPPL,1
SPRB,5
SPRO,7
SPRU,6
SPRY,6
SPSC,5
SPT,5
SPWH,4
SPWR,5
SPXC,4
SQM,6
SR,9
SRAD,9
SRBK,6
SRCE,6
SRE,8
SRG,3
SRFM,4
SRI,6
SRPT,4
SRL,3
SRRK,8
SRTA,8
SRTS,4
SRZN,9
SSB,5
SSBI,5
SSD,5
SSII,3
SSEA,3
SSNC,4
SSP,8
SSRM,10
SSTI,4
SSTK,3
SSYS,6
STAA,8
STAG,8
ST,6
STBA,6
STC,5
STE,6
STEL,5
STEM,6
STEP,9
STEX,2
STGW,7
STHO,5
STI,6
STIM,4
STKE,2
STKS,3
STLA,6
STLD,10
STM,10
STN,9
STNE,6
STNG,8
STOK,6
STRA,2
STRL,9
STRO,10
STRR,5
STRS,4
STRT,9
STRZ,9
STT,7
STTK,7
STUB,5
STVN,7
STWD,5
STX,8
STZ,2
SU,9
SUIG,1
SUNB,5
SUPN,4
SUNS,3
SUPX,1
SVA,4
SVAC,4
SVC,7
SVCC,4
SVCO,7
SVRA,9
SVV,6
SW,6
SWAG,5
SWBI,7
SWIM,8
SWK,6
SWKS,8
SWX,7
SXC,6
SXI,7
SXT,7
SY,4
SYBT,4
SYF,5
SYK,1
SYM,5
SYNA,10
SYPR,6
SYRE,9
SYY,8
SZZL,4
T,8
TAC,8
TACO,3
TACH,4
TACT,4
TALK,5
TALO,6
TAOX,2
TAP,7
TARA,6
TARS,5
TASK,2
TATT,8
TAYD,6
TBBB,7
TBBK,4
TBCH,7
TBI,5
TBLA,7
TBN,10
TBPH,9
TCBI,4
TCBK,5
TCBX,5
TBRG,6
TCI,3
TCMD,7
TCRX,5
TCX,4
TD,10
TDAC,6
TDAY,8
TDC,6
TDG,4
TDOC,4
TDS,8
TDUP,4
TDW,7
TDWD,3
TDY,8
TE,10
TEAD,4
TECH,4
TECK,2
TEAM,3
TECX,7
TEL,7
TELA,4
TELO,1
TEM,8
TEN,7
TENB,8
TENX,10
TEO,7
TER,10
TEX,9
TFC,8
TFII,10
TFPM,3
TFIN,6
TFSL,8
TFX,7
TG,2
TGE,2
TGLS,6
TGS,4
TGT,4
TGTX,10
TH,8
THC,7
THG,8
THFF,6
THO,4
THRM,8
THRY,6
TIC,3
TIGO,7
TIL,2
TILE,7
TIPT,1
TISI,5
TITN,6
TJGC,2
TJX,6
TK,5
TKC,6
TKNO,6
TKO,8
TKR,8
TLK,6
TLN,8
TLNC,3
TLRY,4
TLPH,5
TLS,5
TLSA,4
TLSI,7
TLYS,6
TM,4
TMC,9
TMCI,2
TMDX,1
TMHC,10
TMO,9
TMUS,4
TNC,3
TNDM,7
TNET,4
TNGX,4
TNK,6
TNL,4
TNXP,7
TNYA,6
TOI,9
TOL,7
TONX,1
TORO,5
TOP,1
TOST,8
TOWN,8
TPB,6
TOYO,10
TPC,6
TPG,8
TPCS,3
TPL,6
TPR,10
TPVG,3
TR,4
TRAK,3
TRC,4
TRDA,6
TREE,6
TRGP,9
TREX,7
TRI,8
TRIN,9
TRIP,10
TRMB,6
TRMD,4
TRMK,6
TRN,4
TRNO,8
TRNS,7
TROO,6
TROW,1
TROX,2
TRP,10
TRS,4
TRST,6
TRU,10
TRV,2
TRUP,1
TRTX,4
TRVI,8
TSAT,8
TSBK,5
TSCO,8
TSEM,7
TSHA,7
TSLX,8
TSM,10
TSN,9
TSQ,7
TSSI,6
TT,7
TTAM,6
TTAN,6
TTC,2
TTD,1
TTEC,5
TTEK,8
TTGT,3
TTMI,10
TTI,8
TTRX,3
TTWO,5
TU,5
TUSK,8
TV,5
TVA,4
TVAI,5
TVGN,3
TVRD,4
TVTX,10
TW,3
TWFG,4
TWI,5
TWLO,7
TWIN,6
TWLV,3
TWO,5
TWST,8
TXG,4
TXN,9
TXNM,7
TXRH,4
TXT,7
TYGO,7
TYL,3
TYRA,9
TZOO,7
UAA,6
UA,7
UBER,9
UBS,7
UCAR,3
UCTT,6
UDR,9
UE,4
UEIC,6
UFI,4
UFPI,5
UFPT,8
UHAL,3
UHS,4
UHT,6
UI,6
UIS,7
ULBI,6
ULCC,4
ULH,3
ULS,7
ULTA,7
UMBF,9
UGI,2
UMH,8
UNB,5
UNCY,9
UNF,6
UNM,8
UNP,2
UP,6
UPB,4
UPBD,9
UPST,6
UPWK,2
UPXI,2
URBN,8
URGN,10
UROY,6
USAR,10
USAU,7
USB,5
USCB,4
USEG,2
USFD,9
USGO,7
USIO,4
USPH,2
USNA,1
UTI,6
UTMD,6
UTZ,7
UVE,7
UVV,5
UWMC,5
UYSC,4
V,6
VABK,5
VAC,10
VACH,3
UVSP,4
VAL,5
VACI,3
VALU,5
VATE,6
VANI,3
VBNK,9
VC,7
VCEL,6
VCIG,3
VCTR,5
VCYT,7
VECO,6
VEEV,6
VEL,4
VELO,9
VERA,3
VERI,5
VERU,2
VERX,3
VET,6
VFC,6
VFF,8
VFS,7
VG,8
VGAS,2
VGNT,9
VHC,5
VHI,4
VIA,8
VIAV,4
VICI,9
VICR,10
VIK,9
VINP,4
VIRC,4
VIR,10
VIRT,6
VISN,9
VITL,5
VIVO,8
VKTX,9
VLGEA,2
VLN,4
VLO,8
VLTO,8
VLY,8
VMC,6
VMD,7
VMI,6
VMET,8
VNDA,8
VNME,4
VNCE,7
VNO,7
VNOM,6
VNT,7
VOR,5
VOXR,9
VOYA,9
VOYG,9
VPG,7
VRA,6
VRDN,6
VRCA,5
VREX,4
VRM,2
VRNS,4
VRRM,2
VRSK,5
VRT,7
VRTS,3
VRSN,6
VRTX,5
VSAT,8
VSCO,10
VSEC,10
VSH,5
VSNT,7
VST,10
VSTM,3
VSTS,5
VTEX,2
VTOL,2
VTR,7
VTS,6
VTSI,6
VTRS,8
VTVT,7
VUZI,4
VVV,7
VVX,9
VWAV,2
VYGR,8
VYX,6
VZ,8
W,9
WAB,6
WAFD,9
WAL,10
WALD,4
WASH,7
WABC,5
WAT,10
WATT,6
WAY,8
WBD,2
WBS,4
WBTN,5
WBX,2
WCC,7
WCN,3
WD,8
WDAY,8
WDC,8
WDFC,7
WEAV,6
WEC,9
WELL,9
WEN,6
WENN,3
WEST,7
WERN,4
WETO,1
WEX,5
WEYS,7
WFC,2
WFG,9
WFCF,5
WFRD,10
WGO,5
WGS,7
WH,4
WHD,7
WHG,1
WHR,3
WHWK,7
WILC,6
WIMI,1
WINA,3
WING,4
WIT,2
WIX,8
WK,7
WKC,2
WKHS,3
WLDN,9
WLFC,4
WLK,1
WLTH,6
WLY,7
WM,3
WMB,5
WMG,10
WMK,6
WMS,8
WNC,1
WNEB,5
WOLF,8
WOOF,2
WPC,6
WOR,5
WPRT,3
WPM,8
WRAP,1
WRB,4
WRBY,6
WRLD,4
WS,5
WSBC,7
WSBF,6
WSBK,6
WSC,7
WSE,7
WSFS,6
WSHP,3
WSM,8
WSO,7
WSR,6
WST,10
WSTN,3
WT,9
WTBA,5
WTF,1
WTFC,6
WTG,5
WTI,9
WTM,3
WTRG,7
WTS,4
WTTR,6
WTW,9
WU,4
WULF,10
WVE,9
WW,7
WWD,7
WWW,8
WY,9
WYFI,7
WYNN,4
XBIT,3
XEL,6
XENE,10
XERS,4
XFOR,3
XGN,7
XHR,6
XLO,1
XMTR,9
XMAX,5
XNCR,7
XNDU,9
XOMA,7
XP,6
XPEL,6
XPER,7
XPO,4
XPOF,7
XPRO,5
XRAY,5
XRN,8
XRPN,6
XRX,1
XTIA,4
XYL,7
XYZ,7
XZO,9
YCY,3
YDES,2
YELP,2
YDDL,5
YETI,8
YEXT,1
YORW,6
YOOV,1
YOU,10
YPF,9
YSS,7
YUM,7
YUMC,10
YXT,1
YTRA,3
Z,6
ZBH,5
ZBIO,10
ZBRA,9
ZD,1
ZENA,5
ZETA,9
ZG,9
ZEO,2
ZGN,7
ZIM,4
ZION,8
ZJK,4
ZIP,3
ZNTL,7
ZM,10
ZS,4
ZSQR,3
ZTEK,4
ZTS,4
ZUMZ,6
ZURA,6
ZVIA,1
ZVRA,9
ZWS,9
ZYME,10
